,new_vendors
1,1
3,2
4,1
5,1
6,3
7,1
8,1
9,4
10,4
13,5
15,6
18,6
21,6
22,1
23,4
29,1
32,7
33,2
46,8
47,9
48,9
49,6
54,8
55,9
56,9
57,9
58,6
61,9
62,1
63,10
64,1
65,9
66,8
71,10
72,3
76,9
77,9
78,9
79,9
80,9
82,3
83,10
85,1
86,1
87,5
88,1
89,4
90,4
92,6
93,6
94,6
95,4
96,9
97,9
98,9
99,9
100,9
101,9
102,9
103,9
104,9
105,9
106,9
107,9
108,9
110,4
111,4
112,9
113,9
114,9
118,11
120,4
121,1
124,6
126,9
127,9
128,9
131,6
133,12
134,1
135,5
136,13
138,4
139,5
140,5
141,5
143,5
146,6
148,6
149,1
150,1
151,1
152,1
153,1
154,4
156,14
159,4
161,8
162,1
180,9
181,9
182,9
183,1
184,8
190,6
191,13
192,9
193,9
194,9
195,9
198,1
199,1
200,1
201,1
202,9
203,9
204,9
205,9
210,4
211,1
212,8
213,5
218,9
219,9
223,1
224,9
225,9
226,9
227,9
232,1
233,1
234,3
236,1
238,9
239,9
240,9
241,9
242,9
243,9
244,9
245,9
246,9
247,6
248,9
249,9
250,9
251,5
252,9
253,9
254,9
257,9
258,4
261,4
262,8
265,1
267,5
268,6
269,9
270,9
272,15
275,7
276,1
277,1
278,1
279,1
280,1
281,1
282,1
283,1
284,1
285,1
286,5
288,5
289,6
294,1
295,1
296,6
297,4
301,1
303,6
308,1
315,6
319,16
326,9
327,9
328,1
329,13
330,13
335,9
336,9
337,9
340,8
341,9
343,6
344,5
347,9
348,9
349,9
351,10
355,3
357,1
359,6
361,9
367,8
368,1
370,6
371,4
372,9
373,9
374,9
375,9
376,9
377,9
378,9
379,9
380,9
381,9
382,9
383,9
384,9
385,9
386,9
387,9
388,9
389,9
390,9
391,9
392,9
393,9
395,9
397,8
399,17
400,5
401,8
402,1
403,1
405,6
406,9
407,9
408,9
409,9
410,9
411,9
413,1
414,18
421,1
422,4
424,6
432,5
433,4
434,1
438,4
439,16
448,9
449,1
450,5
451,5
452,4
453,4
455,5
456,1
457,1
458,6
459,8
460,9
462,9
464,6
469,1
475,5
477,6
478,9
481,3
483,1
486,4
487,9
488,9
489,9
490,9
491,9
492,9
493,9
494,9
495,9
496,9
497,9
498,9
499,9
500,9
501,9
502,9
503,9
504,9
505,9
506,9
507,9
509,9
510,9
511,9
512,11
513,19
517,18
518,9
519,9
521,4
524,4
525,1
526,1
527,1
528,1
529,2
530,1
531,2
532,1
533,1
534,1
535,4
539,6
544,6
553,4
555,1
571,9
572,9
573,9
574,9
575,1
576,8
580,1
581,4
582,8
583,9
584,9
585,9
586,9
592,1
593,8
594,17
595,9
596,10
598,4
599,1
600,6
602,9
603,9
605,10
608,1
609,1
614,9
616,10
618,1
621,4
622,6
623,9
624,9
625,9
626,9
627,9
628,9
629,9
630,9
631,9
632,9
633,9
634,9
635,9
636,9
637,9
638,9
639,9
640,4
641,9
642,9
643,9
644,9
645,9
646,9
649,19
650,1
653,6
654,6
655,9
656,9
659,2
660,5
662,1
663,13
664,12
665,7
666,7
667,1
668,13
669,12
671,12
672,6
673,2
674,4
676,6
677,1
682,14
685,5
686,5
689,14
693,17
700,20
701,9
702,9
703,6
704,1
709,8
710,8
711,13
712,9
713,9
714,9
715,9
716,9
717,10
721,1
722,9
723,1
724,9
729,9
730,9
731,9
732,10
735,1
739,9
740,9
741,9
742,1
743,4
745,1
746,1
748,9
749,9
750,9
751,9
752,9
753,9
754,9
755,9
756,9
757,9
758,9
759,9
760,9
761,9
762,9
763,9
764,9
766,9
767,9
768,1
769,5
770,6
772,18
774,18
781,3
782,2
783,14
784,6
791,1
797,5
799,1
802,6
813,8
818,5
819,1
820,8
821,8
822,9
823,9
824,9
828,9
829,4
830,1
831,1
832,4
834,9
835,9
837,3
838,3
847,3
848,4
849,8
850,5
852,4
854,5
855,4
856,8
857,4
858,9
859,9
860,9
861,9
862,9
863,9
864,9
865,9
866,9
867,9
868,9
869,9
870,9
871,9
872,9
873,9
874,9
875,9
876,9
877,9
878,9
879,9
880,9
886,4
891,5
892,1
893,1
895,6
896,9
897,9
898,9
899,4
903,1
904,1
905,1
906,1
908,6
909,1
913,1
919,2
920,1
924,14
932,16
937,9
938,9
939,9
940,9
941,1
942,1
943,8
944,8
946,4
947,8
948,9
949,9
950,9
951,19
953,11
954,10
955,10
956,9
958,6
959,10
960,1
962,9
963,9
965,10
967,1
973,3
975,1
976,1
979,1
982,9
983,9
984,9
985,9
986,9
987,9
988,9
989,9
990,9
991,9
992,9
993,9
994,9
995,9
996,9
997,9
998,9
999,9
1000,9
1002,9
1003,9
1004,9
1008,8
1009,8
1013,6
1015,9
1016,9
1017,9
1018,9
1022,21
1023,21
1024,21
1027,21
1034,21
1040,21
1041,21
1049,21
1050,21
1052,21
1056,21
1057,21
1059,21
1060,21
1061,21
1068,21
1069,21
1070,21
1071,21
1073,21
1074,21
1075,21
1076,21
1077,21
1078,21
1079,21
1081,21
1082,21
1083,21
1086,21
1087,21
1088,21
1090,21
1091,21
1092,21
1093,21
1095,21
1097,21
1098,21
1100,21
1102,21
1106,21
1107,21
1108,21
1110,21
1111,21
1112,21
1115,21
1116,21
1117,21
1118,21
1120,21
1122,21
1123,21
1124,21
1127,21
1130,21
1131,21
1132,21
1133,21
1135,21
1136,21
1137,21
1138,21
1140,21
1141,21
1142,21
1143,21
1144,21
1145,21
1146,21
1147,21
1148,21
1150,21
1151,21
1152,21
1153,21
1154,21
1155,21
1156,21
1157,21
1158,21
1159,21
1160,21
1161,21
1162,21
1163,21
1164,21
1165,21
1166,21
1167,21
1168,21
1169,21
1170,21
1171,21
1172,21
1173,21
1174,21
1175,21
1176,21
1177,21
1178,21
1179,21
1181,21
1182,21
1183,21
1184,21
1185,21
1186,21
1187,21
1188,21
1189,21
1190,21
1191,21
1192,21
1193,21
1194,21
1195,21
1196,21
1197,21
1198,21
1199,21
1200,21
1201,21
1202,21
1203,21
1204,21
1205,21
1206,21
1207,21
1208,21
1209,21
1210,21
1211,21
1212,21
1213,21
1214,21
1215,21
1216,21
1219,21
1220,21
1221,21
1224,21
1225,21
1226,21
1229,21
1231,21
1234,21
1242,21
1244,21
1245,21
1250,21
1251,21
1252,21
1268,21
1269,21
1271,21
1272,21
1273,21
1274,21
1278,21
1279,21
1280,21
1281,21
1283,21
1284,21
1286,21
1287,21
1288,21
1289,21
1290,21
1291,21
1292,21
1293,21
1294,21
1295,21
1297,21
1298,21
1299,21
1300,21
1301,21
1303,21
1304,21
1305,21
1307,21
1308,21
1309,21
1310,21
1312,21
1313,21
1314,21
1315,21
1316,21
1318,21
1320,21
1322,21
1324,21
1325,21
1326,21
1327,21
1329,21
1330,21
1331,21
1332,21
1333,21
1334,21
1337,21
1338,21
1339,21
1340,21
1341,21
1342,21
1343,21
1344,21
1346,21
1347,21
1348,21
1349,21
1350,21
1351,21
1352,21
1353,21
1355,21
1356,21
1357,21
1358,21
1359,21
1360,21
1361,21
1362,21
1363,21
1364,21
1365,21
1366,21
1367,21
1368,21
1369,21
1370,21
1371,21
1372,21
1373,21
1374,21
1375,21
1376,21
1377,21
1378,21
1379,21
1380,21
1381,21
1382,21
1383,21
1384,21
1385,21
1386,21
1387,21
1389,21
1390,21
1391,21
1392,21
1393,21
1394,21
1395,21
1396,21
1397,21
1398,21
1399,21
1400,21
1401,21
1402,21
1403,21
1404,21
1405,21
1406,21
1407,21
1408,21
1409,21
1410,21
1411,21
1412,21
1413,21
1414,21
1415,21
1416,21
1417,21
1418,21
1419,21
1420,21
1421,21
1422,21
1423,21
1426,21
1427,21
1438,21
1439,21
1443,21
1447,21
1451,21
1454,21
1455,21
1459,21
1463,21
1464,21
1466,21
1469,21
1477,21
1478,21
1479,21
1480,21
1481,21
1482,21
1483,21
1484,21
1485,21
1486,21
1487,21
1488,21
1489,21
1491,21
1492,21
1493,21
1496,21
1497,21
1498,21
1499,21
1500,21
1501,21
1502,21
1504,21
1505,21
1508,21
1509,21
1510,21
1512,21
1513,21
1514,21
1515,21
1517,21
1518,21
1519,21
1522,21
1523,21
1524,21
1526,21
1527,21
1528,21
1529,21
1530,21
1531,21
1532,21
1535,21
1536,21
1537,21
1538,21
1539,21
1540,21
1541,21
1542,21
1543,21
1545,21
1546,21
1547,21
1548,21
1549,21
1550,21
1551,21
1552,21
1553,21
1554,21
1555,21
1556,21
1557,21
1558,21
1559,21
1561,21
1562,21
1563,21
1564,21
1565,21
1566,21
1567,21
1568,21
1569,21
1570,21
1571,21
1572,21
1573,21
1574,21
1575,21
1576,21
1577,21
1578,21
1579,21
1580,21
1581,21
1582,21
1583,21
1584,21
1585,21
1586,21
1587,21
1588,21
1589,21
1590,21
1591,21
1592,21
1593,21
1594,21
1595,21
1596,21
1597,21
1598,21
1599,21
1600,21
1601,21
1602,21
1603,21
1604,21
1605,21
1606,21
1613,21
1617,21
1619,21
1620,21
1636,21
1638,21
1640,21
1644,21
1646,21
1648,21
1649,21
1650,21
1654,21
1658,21
1662,21
1663,21
1664,21
1665,21
1667,21
1668,21
1669,21
1670,21
1671,21
1673,21
1674,21
1676,21
1677,21
1678,21
1683,21
1684,21
1685,21
1687,21
1688,21
1689,21
1690,21
1692,21
1693,21
1694,21
1695,21
1696,21
1697,21
1698,21
1699,21
1700,21
1701,21
1702,21
1703,21
1705,21
1707,21
1708,21
1710,21
1711,21
1712,21
1713,21
1714,21
1715,21
1717,21
1719,21
1720,21
1721,21
1722,21
1723,21
1724,21
1725,21
1726,21
1727,21
1728,21
1729,21
1730,21
1732,21
1733,21
1734,21
1735,21
1736,21
1737,21
1738,21
1739,21
1740,21
1741,21
1742,21
1743,21
1744,21
1745,21
1746,21
1747,21
1749,21
1750,21
1751,21
1752,21
1753,21
1754,21
1755,21
1756,21
1757,21
1759,21
1760,21
1761,21
1762,21
1763,21
1764,21
1765,21
1766,21
1767,21
1768,21
1769,21
1771,21
1772,21
1773,21
1774,21
1775,21
1776,21
1777,21
1778,21
1779,21
1780,21
1781,21
1782,21
1783,21
1784,21
1785,21
1786,21
1787,21
1788,21
1789,21
1790,21
1791,21
1792,21
1793,21
1794,21
1795,21
1796,21
1797,21
1798,21
1799,21
1800,21
1801,21
1802,21
1803,21
1804,21
1805,21
1806,21
1807,21
1808,21
1809,21
1810,21
1811,21
1812,21
1813,21
1814,21
1815,21
1816,21
1817,21
1818,21
1819,21
1820,21
1821,21
1822,21
1823,21
1824,21
1825,21
1826,21
1827,21
1828,21
1829,21
1830,21
1831,21
1832,21
1833,21
1834,21
1835,21
1836,21
1837,21
1838,21
1842,21
1852,21
1857,21
1859,21
1863,21
1864,21
1866,21
1869,21
1871,21
1874,21
1877,21
1878,21
1882,21
1884,21
1889,21
1890,21
1894,21
1895,21
1896,21
1897,21
1898,21
1899,21
1900,21
1901,21
1902,21
1903,21
1904,21
1905,21
1912,21
1913,21
1914,21
1915,21
1916,21
1917,21
1918,21
1919,21
1920,21
1923,21
1924,21
1925,21
1926,21
1927,21
1928,21
1929,21
1930,21
1931,21
1932,21
1933,21
1934,21
1935,21
1936,21
1937,21
1938,21
1939,21
1940,21
1941,21
1942,21
1943,21
1944,21
1945,21
1946,21
1948,21
1950,21
1951,21
1952,21
1954,21
1955,21
1956,21
1957,21
1958,21
1959,21
1960,21
1961,21
1962,21
1963,21
1964,21
1965,21
1966,21
1967,21
1969,21
1971,21
1972,21
1973,21
1974,21
1975,21
1976,21
1977,21
1978,21
1979,21
1980,21
1983,21
1984,21
1985,21
1986,21
1987,21
1988,21
1989,21
1991,21
1993,21
1994,21
1995,21
1996,21
1997,21
1998,21
1999,21
2000,21
2001,21
2002,21
2003,21
2004,21
2005,21
2006,21
2007,21
2008,21
2009,21
2010,21
2011,21
2012,21
2014,21
2015,21
2016,21
2017,21
2018,21
2019,21
2020,21
2021,21
2022,21
2023,21
2024,21
2025,21
2026,21
2027,21
2028,21
2029,21
2030,21
2031,21
2032,21
2033,21
2034,21
2035,21
2036,21
2037,21
2038,21
2039,21
2040,21
2041,21
2042,21
2043,21
2044,21
2045,21
2046,21
2047,21
2048,21
2049,21
2050,21
2051,21
2052,21
2053,21
2054,21
2055,21
2056,21
2057,21
2058,21
2059,21
2060,21
2061,21
2062,21
2063,21
2064,21
2065,21
2066,21
2067,21
2072,21
2075,21
2084,21
2085,21
2086,21
2087,21
2094,21
2097,21
2098,21
2100,21
2102,21
2103,21
2104,21
2105,21
2106,21
2107,21
2108,21
2109,21
2115,21
2117,21
2118,21
2119,21
2120,21
2121,21
2123,21
2124,21
2125,21
2129,21
2130,21
2131,21
2132,21
2133,21
2134,21
2135,21
2136,21
2137,21
2138,21
2139,21
2141,21
2142,21
2144,21
2145,21
2146,21
2148,21
2150,21
2152,21
2153,21
2154,21
2155,21
2157,21
2158,21
2159,21
2160,21
2161,21
2162,21
2165,21
2166,21
2167,21
2168,21
2170,21
2171,21
2172,21
2174,21
2179,21
2180,21
2184,21
2185,21
2186,21
2187,21
2188,21
2189,21
2190,21
2192,21
2193,21
2194,21
2195,21
2196,21
2197,21
2198,21
2199,21
2200,21
2201,21
2202,21
2203,21
2204,21
2205,21
2206,21
2207,21
2208,21
2210,21
2211,21
2212,21
2213,21
2214,21
2215,21
2216,21
2217,21
2218,21
2219,21
2220,21
2221,21
2222,21
2223,21
2224,21
2225,21
2226,21
2227,21
2228,21
2229,21
2230,21
2231,21
2232,21
2233,21
2234,21
2235,21
2236,21
2237,21
2238,21
2239,21
2240,21
2241,21
2242,21
2243,21
2244,21
2245,21
2246,21
2247,21
2249,21
2250,21
2251,21
2252,21
2253,21
2254,21
2255,21
2256,21
2257,21
2258,21
2259,21
2260,21
2261,21
2262,21
2263,21
2264,21
2265,21
2266,21
2267,21
2268,21
2269,21
2270,21
2271,21
2272,21
2273,21
2274,21
2275,21
2276,21
2277,21
2278,21
2279,21
2280,21
2281,21
2282,21
2286,21
2287,21
2288,21
2291,21
2292,21
2295,21
2296,21
2297,21
2299,21
2301,21
2302,21
2306,21
2307,21
2311,21
2312,21
2315,21
2322,21
2325,21
2327,21
2328,21
2329,21
2330,21
2331,21
2332,21
2334,21
2335,21
2336,21
2338,21
2339,21
2340,21
2341,21
2342,21
2343,21
2344,21
2345,21
2348,21
2351,21
2352,21
2353,21
2354,21
2355,21
2357,21
2358,21
2359,21
2360,21
2361,21
2362,21
2363,21
2364,21
2366,21
2367,21
2368,21
2369,21
2370,21
2371,21
2373,21
2374,21
2375,21
2376,21
2377,21
2379,21
2381,21
2382,21
2383,21
2384,21
2385,21
2387,21
2388,21
2390,21
2392,21
2393,21
2394,21
2395,21
2396,21
2397,21
2398,21
2400,21
2401,21
2402,21
2403,21
2405,21
2406,21
2407,21
2409,21
2410,21
2411,21
2412,21
2413,21
2414,21
2415,21
2416,21
2417,21
2418,21
2419,21
2420,21
2421,21
2422,21
2423,21
2424,21
2425,21
2426,21
2427,21
2428,21
2429,21
2430,21
2431,21
2432,21
2433,21
2434,21
2435,21
2436,21
2437,21
2438,21
2439,21
2440,21
2441,21
2442,21
2443,21
2444,21
2445,21
2446,21
2447,21
2448,21
2449,21
2450,21
2451,21
2452,21
2453,21
2454,21
2455,21
2456,21
2457,21
2458,21
2459,21
2460,21
2461,21
2462,21
2463,21
2464,21
2465,21
2466,21
2467,21
2468,21
2469,21
2470,21
2471,21
2472,21
2473,21
2474,21
2475,21
2476,21
2477,21
2478,21
2479,21
2482,21
2487,21
2492,21
2497,21
2502,21
2503,21
2507,21
2510,21
2517,21
2518,21
2520,21
2521,21
2531,21
2532,21
2533,21
2534,21
2535,21
2536,21
2537,21
2538,21
2540,21
2541,21
2542,21
2543,21
2544,21
2545,21
2546,21
2547,21
2549,21
2550,21
2551,21
2553,21
2554,21
2555,21
2556,21
2557,21
2558,21
2559,21
2560,21
2562,21
2563,21
2564,21
2565,21
2566,21
2567,21
2568,21
2569,21
2570,21
2571,21
2572,21
2573,21
2575,21
2576,21
2577,21
2581,21
2582,21
2583,21
2584,21
2585,21
2586,21
2588,21
2589,21
2590,21
2593,21
2594,21
2595,21
2596,21
2598,21
2599,21
2600,21
2601,21
2602,21
2603,21
2604,21
2606,21
2608,21
2609,21
2611,21
2612,21
2613,21
2614,21
2615,21
2616,21
2617,21
2618,21
2619,21
2622,21
2623,21
2624,21
2625,21
2626,21
2627,21
2628,21
2629,21
2630,21
2631,21
2632,21
2633,21
2634,21
2635,21
2636,21
2637,21
2638,21
2640,21
2641,21
2642,21
2643,21
2644,21
2645,21
2646,21
2647,21
2648,21
2649,21
2650,21
2651,21
2652,21
2653,21
2654,21
2655,21
2656,21
2657,21
2658,21
2659,21
2660,21
2661,21
2662,21
2663,21
2664,21
2665,21
2666,21
2667,21
2668,21
2669,21
2670,21
2671,21
2672,21
2673,21
2674,21
2675,21
2676,21
2677,21
2678,21
2679,21
2680,21
2682,8
2684,5
2686,4
2690,11
2691,1
2692,22
2693,22
2694,8
2695,11
2696,9
2698,23
2700,1
2702,9
2703,11
2704,8
2705,8
2707,8
2708,12
2709,22
2710,8
2711,4
2713,8
2714,22
2717,14
2719,8
2721,11
2723,1
2725,4
2726,11
2727,24
2728,1
2729,8
2730,1
2731,22
2733,25
2734,14
2736,22
2738,1
2739,8
2741,5
2742,8
2744,11
2746,25
2747,11
2748,9
2749,1
2754,8
2755,9
2756,8
2757,4
2759,1
2760,5
2761,1
2762,1
2763,11
2766,4
2768,8
2770,22
2771,1
2772,13
2773,5
2774,26
2775,22
2776,18
2777,9
2778,22
2779,14
2780,1
2782,1
2783,22
2785,1
2786,11
2787,9
2788,4
2790,6
2791,25
2792,1
2794,1
2797,4
2798,8
2799,14
2800,22
2801,27
2802,8
2803,3
2804,6
2806,9
2808,8
2809,1
2810,22
2814,1
2815,8
2816,1
2817,28
2818,1
2819,9
2820,1
2822,22
2823,1
2825,1
2827,8
2828,5
2830,11
2832,1
2834,9
2836,5
2838,3
2839,1
2840,1
2841,13
2842,8
2843,26
2844,4
2846,1
2849,22
2851,11
2852,9
2854,1
2855,8
2856,1
2857,9
2859,1
2860,5
2861,1
2862,1
2864,11
2866,22
2867,29
2868,6
2869,8
2870,1
2871,1
2872,30
2873,13
2876,1
2881,22
2883,5
2884,22
2886,11
2887,5
2888,8
2889,9
2890,5
2891,1
2892,4
2895,1
2896,1
2897,11
2898,11
2899,1
2901,8
2903,1
2904,1
2905,8
2906,8
2907,9
2908,4
2909,1
2910,4
2913,18
2914,8
2917,8
2918,11
2920,8
2921,1
2924,30
2925,9
2927,22
2928,12
2929,4
2930,11
2933,1
2934,22
2935,11
2937,11
2938,9
2939,4
2940,4
2944,22
2945,5
2946,9
2947,9
2948,11
2949,9
2950,5
2951,1
2953,5
2954,9
2955,22
2956,9
2957,1
2959,22
2960,8
2961,11
2964,13
2966,1
2967,1
2968,5
2970,1
2971,12
2974,4
2975,1
2976,22
2977,13
2978,1
2979,8
2982,11
2983,8
2984,11
2985,6
2986,1
2987,28
2988,9
2989,4
2992,4
2993,24
2995,22
2996,1
2997,1
3001,4
3002,5
3003,4
3004,22
3007,9
3008,9
3011,8
3012,6
3015,9
3016,4
3017,17
3019,5
3020,22
3022,4
3024,11
3028,8
3029,22
3031,4
3033,1
3034,17
3035,13
3036,22
3037,4
3038,9
3041,11
3042,4
3043,1
3044,11
3045,1
3046,22
3047,22
3048,5
3049,1
3051,8
3053,22
3054,9
3055,5
3056,22
3058,4
3061,11
3062,1
3063,11
3066,14
3067,11
3068,18
3069,9
3070,8
3072,8
3073,8
3074,8
3075,8
3076,9
3077,22
3078,1
3079,1
3081,11
3082,24
3085,4
3087,22
3088,31
3089,4
3090,1
3091,1
3092,22
3093,4
3094,1
3095,22
3096,1
3097,3
3098,22
3099,5
3100,4
3102,1
3103,9
3104,22
3105,22
3106,8
3108,9
3109,4
3110,9
3111,4
3112,3
3113,8
3115,18
3117,8
3118,1
3120,24
3121,28
3123,4
3124,9
3126,4
3127,8
3128,11
3129,1
3130,1
3131,24
3132,9
3133,9
3134,1
3136,8
3137,22
3138,5
3140,22
3141,11
3144,22
3146,9
3147,1
3148,4
3149,8
3152,4
3153,6
3154,1
3155,1
3156,1
3157,1
3158,8
3159,5
3161,1
3162,22
3163,5
3164,4
3165,9
3166,1
3167,13
3168,8
3170,22
3172,9
3173,22
3174,5
3176,1
3177,9
3178,5
3179,4
3180,4
3181,1
3184,8
3185,22
3186,1
3188,25
3189,22
3190,5
3191,13
3192,9
3193,22
3195,1
3196,8
3197,32
3198,22
3199,1
3200,4
3202,11
3203,1
3204,4
3206,11
3207,4
3208,9
3209,5
3210,4
3212,13
3213,1
3214,11
3215,1
3216,5
3218,1
3219,14
3220,33
3223,8
3224,9
3225,1
3226,1
3227,1
3228,4
3229,13
3230,18
3231,4
3232,8
3233,22
3234,11
3235,9
3238,11
3239,4
3240,5
3243,22
3244,4
3245,22
3247,11
3248,4
3249,8
3250,11
3251,6
3252,8
3253,9
3254,1
3255,8
3256,9
3257,1
3258,1
3259,24
3260,10
3261,1
3262,8
3263,11
3265,22
3267,8
3268,4
3269,1
3270,5
3272,9
3273,3
3274,9
3276,3
3277,9
3278,8
3279,9
3280,25
3282,17
3283,22
3285,11
3287,22
3289,9
3290,4
3291,4
3292,8
3293,1
3294,11
3295,22
3296,23
3302,11
3305,9
3306,4
3308,34
3309,1
3311,4
3312,1
3314,22
3315,29
3316,9
3317,13
3318,13
3319,4
3321,1
3322,1
3323,14
3324,11
3326,9
3327,9
3328,14
3329,22
3333,11
3334,22
3335,4
3336,4
3337,3
3339,6
3340,9
3341,9
3342,11
3345,9
3346,1
3347,4
3348,11
3349,8
3350,1
3351,1
3352,18
3353,9
3354,5
3355,1
3357,25
3358,1
3359,22
3360,1
3366,9
3367,22
3368,22
3369,1
3371,1
3373,8
3374,9
3375,11
3376,9
3380,14
3381,22
3382,3
3383,11
3384,1
3385,11
3386,5
3387,22
3388,22
3389,5
3390,25
3392,22
3393,8
3394,8
3396,5
3397,13
3399,11
3400,8
3401,1
3403,5
3404,1
3406,26
3407,1
3409,11
3410,11
3412,13
3417,9
3418,4
3419,11
3420,1
3421,22
3422,9
3424,1
3426,8
3427,9
3430,4
3431,22
3432,9
3436,9
3438,10
3440,10
3442,22
3443,9
3444,1
3445,11
3446,3
3448,22
3450,1
3452,9
3453,9
3456,5
3457,12
3459,1
3460,1
3461,1
3464,9
3465,4
3466,4
3467,13
3468,22
3469,8
3470,5
3471,11
3473,4
3476,1
3477,9
3478,11
3479,1
3480,25
3482,1
3483,4
3485,11
3489,22
3490,11
3491,22
3492,4
3494,9
3495,1
3500,8
3501,11
3504,24
3506,13
3508,22
3509,8
3510,4
3511,14
3513,8
3515,1
3516,30
3517,22
3519,4
3520,31
3521,22
3523,1
3524,4
3525,1
3526,22
3527,9
3528,22
3529,13
3530,1
3531,5
3532,1
3533,1
3535,22
3536,4
3537,4
3538,5
3540,9
3541,4
3542,22
3544,22
3546,5
3550,1
3553,4
3554,11
3555,1
3557,3
3558,1
3559,8
3561,13
3563,8
3564,11
3567,5
3568,18
3569,1
3571,9
3572,9
3574,22
3577,5
3578,1
3579,11
3580,13
3581,22
3582,9
3584,1
3585,8
3587,24
3588,1
3589,9
3590,1
3591,29
3592,4
3593,1
3594,3
3595,8
3597,11
3598,22
3599,5
3600,11
3601,1
3602,31
3603,5
3604,9
3605,9
3610,11
3611,8
3612,1
3614,9
3615,22
3616,8
3617,8
3618,8
3619,25
3620,6
3621,11
3622,4
3624,1
3626,1
3627,8
3628,5
3629,9
3630,11
3633,1
3634,13
3636,9
3637,1
3639,8
3640,22
3641,1
3642,1
3644,5
3645,9
3646,22
3647,4
3648,4
3649,4
3651,6
3652,8
3653,1
3654,1
3655,11
3656,1
3659,22
3660,13
3666,4
3668,9
3672,9
3675,11
3676,22
3679,8
3681,1
3682,9
3683,22
3685,9
3686,9
3687,1
3688,30
3690,8
3692,8
3693,24
3694,1
3695,4
3699,9
3700,8
3701,13
3704,8
3705,4
3707,22
3708,11
3709,35
3710,9
3711,8
3712,4
3713,1
3714,9
3716,5
3717,9
3718,5
3719,5
3720,24
3721,22
3722,1
3723,8
3724,4
3725,25
3726,1
3727,14
3728,9
3729,5
3730,17
3731,22
3732,9
3733,8
3734,13
3735,11
3737,8
3738,4
3739,11
3740,9
3741,4
3742,11
3744,3
3745,1
3746,8
3749,4
3750,11
3752,9
3753,11
3754,1
3756,23
3757,1
3759,3
3760,4
3761,9
3762,1
3763,5
3764,11
3765,8
3767,6
3768,8
3769,1
3770,4
3771,22
3772,1
3774,1
3778,4
3779,8
3780,8
3781,4
3783,1
3785,22
3786,9
3787,11
3789,9
3790,22
3791,8
3793,4
3794,22
3795,11
3796,9
3797,4
3798,1
3799,9
3800,11
3801,8
3802,8
3804,22
3805,1
3806,8
3807,30
3808,14
3809,5
3810,5
3811,31
3812,32
3813,8
3815,9
3816,13
3817,11
3819,11
3821,4
3822,9
3823,30
3824,1
3825,22
3826,8
3828,9
3829,22
3830,13
3831,22
3832,4
3833,4
3834,8
3835,22
3836,14
3838,22
3839,1
3840,1
3841,11
3842,5
3843,8
3845,22
3846,6
3847,1
3848,8
3849,24
3850,11
3852,8
3855,22
3858,22
3860,4
3862,9
3864,13
3866,22
3868,8
3869,9
3870,13
3871,11
3873,4
3878,8
3881,3
3882,4
3885,30
3887,4
3889,13
3890,1
3892,22
3893,9
3894,9
3896,9
3897,9
3898,8
3899,9
3900,22
3901,11
3902,1
3903,11
3904,14
3906,8
3909,14
3910,22
3911,1
3912,4
3913,8
3915,9
3916,9
3917,22
3918,9
3919,11
3920,13
3921,4
3922,1
3923,25
3924,1
3925,4
3928,1
3929,1
3931,9
3932,22
3933,13
3934,22
3936,24
3937,9
3940,8
3941,5
3942,27
3943,1
3945,5
3946,5
3947,4
3948,14
3949,1
3951,22
3952,1
3953,9
3954,8
3955,11
3956,1
3957,22
3958,8
3959,24
3961,8
3962,9
3964,11
3965,9
3966,11
3968,9
3969,8
3971,4
3972,9
3973,9
3974,1
3976,4
3977,8
3978,1
3979,22
3980,13
3981,5
3982,1
3983,1
3985,11
3986,11
3988,8
3989,9
3990,4
3992,22
3993,1
3994,11
3996,1
3997,14
3998,9
3999,9
4002,11
4003,9
4004,9
4005,5
4007,1
4009,12
4010,25
4011,9
4012,9
4013,9
4015,9
4017,8
4018,25
4019,1
4020,11
4021,9
4022,9
4023,22
4024,11
4025,22
4026,36
4027,18
4028,24
4030,1
4032,1
4033,8
4034,9
4035,9
4036,5
4037,9
4038,22
4040,22
4042,8
4044,9
4045,9
4047,4
4048,1
4049,25
4050,1
4052,4
4054,4
4056,9
4058,11
4059,9
4060,22
4061,4
4063,13
4064,5
4065,5
4067,1
4068,4
4069,8
4070,4
4071,1
4073,4
4074,22
4075,1
4076,22
4077,11
4078,8
4079,1
4084,22
4085,1
4086,8
4088,5
4089,9
4090,5
4091,11
4092,1
4093,4
4094,3
4095,1
4096,1
4099,22
4101,25
4103,9
4104,11
4105,8
4107,4
4108,9
4109,1
4111,9
4112,11
4114,8
4115,25
4117,17
4118,1
4125,9
4126,14
4127,22
4131,9
4132,3
4133,1
4134,1
4136,22
4138,4
4139,9
4141,8
4142,1
4144,24
4146,22
4148,11
4149,4
4150,5
4151,5
4152,11
4154,3
4155,5
4156,22
4159,18
4160,9
4163,9
4164,5
4167,1
4168,1
4169,22
4171,1
4172,4
4173,1
4176,8
4177,9
4178,11
4179,37
4180,4
4183,8
4185,1
4186,4
4187,1
4188,9
4189,22
4190,9
4191,22
4192,22
4194,4
4195,8
4196,4
4198,4
4199,29
4200,1
4201,8
4203,22
4204,4
4205,4
4208,22
4209,3
4210,4
4212,1
4213,9
4214,14
4216,13
4219,1
4221,1
4223,9
4224,13
4225,17
4226,24
4227,5
4228,1
4230,9
4231,8
4232,9
4234,1
4235,1
4236,9
4237,4
4238,8
4239,11
4240,3
4241,4
4243,9
4244,1
4245,22
4246,1
4247,11
4248,9
4249,4
4250,1
4251,1
4252,5
4253,9
4256,1
4257,9
4258,8
4260,11
4261,35
4262,8
4263,22
4265,13
4266,4
4267,22
4268,8
4269,4
4270,4
4271,1
4272,11
4273,9
4274,9
4275,11
4276,8
4277,8
4278,9
4279,1
4280,4
4282,22
4283,1
4286,11
4287,4
4288,1
4289,9
4290,5
4291,1
4292,11
4293,9
4294,22
4295,9
4297,11
4298,11
4299,1
4301,1
4303,11
4304,11
4305,22
4310,22
4311,11
4312,9
4313,9
4314,13
4315,8
4317,11
4318,3
4319,9
4320,22
4321,1
4322,11
4323,9
4325,1
4326,22
4327,1
4329,11
4330,22
4332,4
4333,9
4335,1
4336,11
4337,9
4338,11
4340,4
4342,1
4343,22
4344,5
4345,4
4347,1
4348,1
4349,1
4350,4
4352,1
4353,11
4354,22
4355,26
4356,11
4358,8
4359,1
4361,3
4363,1
4365,9
4367,11
4368,1
4370,4
4372,22
4373,8
4374,1
4375,29
4376,1
4377,17
4379,5
4381,9
4382,1
4383,4
4384,22
4387,22
4388,11
4391,8
4392,9
4396,22
4398,11
4399,1
4400,1
4402,8
4403,22
4404,9
4407,22
4408,1
4409,22
4410,9
4411,18
4412,9
4413,8
4414,22
4415,6
4416,1
4417,9
4418,24
4419,8
4422,4
4423,4
4425,9
4426,1
4427,9
4428,22
4429,1
4430,9
4432,1
4434,1
4436,9
4437,22
4438,24
4439,1
4441,5
4442,9
4443,9
4444,4
4446,1
4447,4
4449,8
4450,11
4451,8
4452,11
4455,1
4456,8
4457,3
4461,22
4462,11
4463,17
4464,9
4465,1
4468,4
4469,4
4470,1
4471,22
4472,9
4473,9
4474,9
4475,9
4476,9
4477,24
4478,1
4480,4
4482,9
4484,22
4485,9
4488,9
4489,1
4490,8
4491,9
4492,8
4493,25
4494,9
4495,22
4496,9
4497,9
4498,4
4499,1
4500,1
4501,22
4503,9
4504,8
4507,38
4508,1
4510,9
4511,1
4512,1
4514,1
4516,22
4518,4
4520,4
4521,1
4522,5
4523,11
4524,30
4526,34
4527,1
4530,11
4532,8
4534,1
4535,9
4536,4
4537,9
4539,9
4540,8
4541,25
4543,1
4544,13
4546,8
4547,9
4548,9
4552,1
4553,14
4554,1
4556,13
4557,11
4559,22
4560,9
4561,5
4562,5
4563,1
4564,8
4566,9
4568,9
4569,9
4570,14
4572,24
4574,25
4576,13
4581,11
4582,5
4585,1
4586,1
4587,4
4589,24
4590,22
4591,9
4592,9
4593,11
4594,4
4596,9
4598,13
4599,8
4600,1
4601,4
4602,9
4603,1
4604,1
4607,1
4608,8
4610,4
4611,4
4612,1
4613,9
4615,11
4616,4
4617,1
4618,5
4621,30
4622,5
4625,22
4626,22
4627,1
4628,4
4629,22
4630,1
4632,4
4633,11
4636,31
4637,4
4640,11
4641,1
4642,8
4643,4
4645,4
4648,1
4650,22
4651,13
4652,1
4653,11
4654,4
4655,1
4656,22
4659,9
4660,4
4662,9
4663,5
4664,3
4665,13
4666,11
4667,1
4671,22
4672,4
4673,8
4674,1
4676,9
4678,1
4679,11
4680,22
4681,5
4682,1
4683,8
4684,9
4687,5
4688,11
4689,12
4691,9
4692,1
4693,4
4695,5
4696,22
4697,22
4698,8
4700,8
4701,4
4705,22
4706,11
4708,4
4710,8
4711,5
4712,11
4713,1
4714,9
4716,4
4717,22
4719,1
4721,9
4722,5
4727,1
4728,9
4729,11
4730,3
4731,9
4732,22
4733,1
4734,11
4735,9
4736,9
4737,14
4738,9
4740,1
4742,22
4744,9
4747,4
4748,3
4750,1
4751,8
4752,8
4754,9
4755,9
4756,9
4757,9
4759,8
4761,1
4762,1
4763,8
4764,11
4765,22
4766,25
4767,5
4769,1
4770,9
4771,30
4772,22
4773,1
4774,9
4776,9
4778,1
4779,8
4780,22
4781,22
4783,4
4784,9
4786,30
4787,1
4789,5
4790,1
4792,1
4793,1
4794,11
4795,17
4798,11
4799,11
4800,9
4801,5
4802,8
4806,1
4807,1
4808,9
4809,8
4811,13
4815,4
4816,22
4817,11
4820,1
4821,13
4822,9
4824,1
4825,9
4827,1
4828,22
4832,9
4833,11
4835,9
4836,22
4838,9
4840,1
4842,9
4844,8
4845,4
4847,9
4848,4
4849,1
4850,1
4853,9
4854,22
4855,5
4857,22
4859,1
4860,8
4861,9
4862,11
4866,9
4867,1
4868,8
4869,9
4871,9
4872,4
4873,3
4874,11
4875,5
4876,8
4878,13
4880,11
4882,4
4883,13
4884,17
4886,22
4887,13
4889,4
4890,8
4892,9
4893,9
4894,1
4895,8
4896,1
4899,1
4900,4
4901,9
4902,4
4904,24
4905,8
4906,22
4908,13
4910,8
4911,1
4913,22
4915,22
4916,9
4917,1
4918,1
4919,11
4920,1
4921,22
4922,1
4923,1
4925,1
4926,25
4928,9
4930,9
4935,1
4938,9
4940,1
4943,1
4944,1
4945,3
4946,9
4948,4
4949,5
4950,9
4952,9
4953,11
4956,9
4957,1
4960,9
4961,22
4963,9
4965,8
4966,1
4967,1
4968,4
4969,9
4970,4
4971,1
4972,4
4973,30
4974,8
4975,9
4976,14
4977,1
4978,30
4981,1
4983,9
4985,22
4986,5
4987,1
4989,24
4992,9
4993,9
4994,18
4995,1
4996,1
4998,9
4999,8
5001,8
5002,1
5005,1
5006,9
5007,4
5008,9
5010,4
5012,22
5013,8
5014,5
5016,22
5017,1
5018,9
5019,9
5020,4
5021,9
5023,4
5024,4
5026,22
5027,8
5028,14
5029,3
5030,1
5031,11
5032,1
5035,9
5036,5
5038,9
5041,9
5042,4
5045,22
5046,1
5047,8
5048,1
5049,8
5050,11
5051,1
5052,1
5053,4
5054,4
5056,3
5060,1
5061,22
5062,8
5064,13
5065,11
5067,22
5068,3
5069,1
5071,9
5072,1
5074,1
5075,9
5076,24
5079,22
5080,5
5082,22
5087,8
5088,9
5089,1
5090,3
5091,9
5092,5
5094,1
5095,9
5096,1
5097,8
5098,1
5099,1
5101,22
5102,1
5103,22
5104,22
5108,25
5109,5
5112,4
5114,11
5115,9
5116,11
5117,1
5118,25
5119,8
5120,11
5121,8
5124,11
5125,22
5129,22
5130,8
5131,22
5134,5
5135,1
5136,11
5139,1
5141,8
5142,1
5144,1
5145,13
5147,9
5148,24
5149,22
5151,22
5152,1
5153,11
5155,8
5156,4
5157,6
5159,9
5160,1
5161,1
5162,18
5163,8
5164,5
5165,8
5170,11
5171,8
5172,1
5173,22
5174,8
5175,17
5176,11
5177,11
5178,11
5180,9
5181,22
5182,8
5183,9
5184,9
5185,6
5186,22
5187,22
5190,1
5192,28
5193,8
5194,4
5195,1
5197,22
5198,13
5200,8
5203,8
5207,4
5208,1
5211,9
5213,22
5214,22
5215,9
5216,1
5217,9
5218,29
5219,8
5220,22
5221,8
5222,13
5223,1
5227,22
5228,14
5229,9
5230,11
5232,9
5233,8
5234,9
5235,8
5236,9
5237,1
5238,22
5239,9
5240,9
5241,11
5242,4
5245,1
5246,11
5247,22
5248,1
5249,13
5250,4
5252,24
5253,1
5255,11
5256,22
5257,1
5260,1
5261,11
5262,22
5263,8
5264,22
5265,11
5266,9
5267,22
5268,9
5269,9
5271,1
5272,22
5273,1
5274,4
5276,14
5278,8
5279,22
5281,3
5282,4
5283,22
5284,5
5285,22
5286,9
5287,8
5288,22
5290,1
5291,9
5292,8
5293,13
5294,1
5295,5
5296,9
5297,1
5298,5
5299,17
5300,22
5301,4
5302,1
5303,4
5304,5
5305,1
5306,13
5307,1
5308,22
5309,5
5313,9
5314,1
5316,9
5319,1
5320,11
5322,9
5323,1
5324,1
5326,8
5327,1
5328,4
5329,3
5330,22
5331,4
5332,13
5333,1
5334,22
5336,9
5338,1
5340,1
5341,4
5342,31
5343,39
5344,22
5345,11
5346,5
5347,1
5348,22
5349,11
5350,8
5353,22
5354,1
5357,5
5358,22
5359,4
5360,13
5361,22
5363,1
5365,1
5368,8
5369,4
5371,24
5372,1
5373,1
5374,9
5375,1
5379,22
5380,13
5381,22
5382,5
5384,11
5388,8
5389,9
5393,1
5396,13
5397,3
5400,8
5402,11
5403,4
5404,1
5405,3
5406,11
5408,1
5409,3
5410,1
5411,6
5412,22
5413,1
5414,9
5415,22
5418,11
5419,9
5423,22
5424,1
5425,4
5427,9
5428,9
5429,1
5431,11
5432,9
5435,4
5436,8
5437,22
5438,1
5440,14
5441,9
5442,22
5443,11
5446,4
5447,4
5448,24
5449,4
5450,9
5451,1
5452,22
5453,1
5454,11
5455,9
5456,8
5457,4
5458,18
5459,8
5460,1
5461,11
5463,22
5464,1
5465,8
5466,22
5468,30
5469,1
5471,8
5473,1
5474,22
5477,8
5479,4
5481,11
5482,9
5483,1
5484,22
5485,14
5489,4
5490,5
5491,9
5492,9
5493,11
5494,4
5496,8
5497,4
5502,9
5505,3
5507,13
5511,24
5512,13
5513,1
5514,8
5515,4
5517,28
5518,1
5520,11
5525,1
5528,26
5530,39
5531,11
5532,11
5534,1
5539,4
5541,1
5545,4
5546,22
5547,11
5548,9
5550,4
5551,11
5555,1
5556,5
5557,4
5558,25
5559,4
5561,4
5562,22
5563,11
5564,1
5565,1
5568,3
5570,11
5571,24
5573,13
5575,22
5578,4
5579,8
5582,8
5583,4
5584,11
5585,9
5586,1
5588,11
5589,4
5591,4
5595,5
5597,11
5603,6
5605,11
5606,1
5607,9
5610,9
5611,5
5612,1
5613,24
5614,22
5615,1
5616,9
5617,4
5619,9
5622,9
5624,4
5625,17
5626,22
5627,1
5629,6
5630,4
5631,8
5634,1
5635,9
5637,22
5639,8
5641,9
5642,4
5643,11
5644,8
5645,5
5646,4
5647,11
5648,11
5649,9
5650,9
5652,9
5654,13
5655,4
5656,4
5657,1
5658,4
5659,17
5660,1
5661,11
5662,5
5663,22
5664,8
5665,24
5666,14
5667,9
5670,9
5671,11
5672,14
5673,1
5674,8
5676,9
5677,9
5679,22
5681,1
5683,13
5684,1
5686,18
5687,1
5688,8
5689,4
5690,9
5691,1
5692,9
5695,11
5697,1
5699,8
5700,11
5701,1
5702,4
5704,14
5706,13
5707,11
5710,1
5711,8
5712,1
5713,1
5715,11
5716,8
5717,11
5720,9
5721,6
5722,13
5724,9
5725,4
5727,8
5729,4
5730,11
5731,4
5732,1
5733,22
5736,22
5739,4
5740,1
5742,1
5743,22
5745,1
5746,1
5747,1
5748,22
5749,18
5750,3
5751,1
5753,4
5755,22
5756,22
5757,1
5758,22
5759,4
5760,1
5762,1
5763,24
5764,9
5766,13
5767,11
5768,8
5770,4
5771,1
5772,22
5775,11
5776,8
5777,22
5778,22
5779,9
5783,1
5784,9
5785,4
5786,4
5787,9
5788,1
5789,4
5790,22
5791,5
5792,8
5793,8
5794,22
5795,1
5796,3
5798,1
5799,4
5801,4
5802,8
5803,11
5806,11
5807,8
5810,4
5811,9
5812,22
5813,22
5815,1
5816,22
5817,11
5820,1
5821,1
5822,8
5823,14
5824,8
5825,9
5827,9
5828,4
5830,13
5831,1
5834,22
5836,11
5837,1
5838,1
5839,5
5842,3
5844,22
5845,25
5846,4
5847,3
5848,1
5849,1
5850,1
5851,9
5852,25
5853,22
5854,4
5855,9
5857,8
5860,9
5861,14
5863,8
5864,9
5866,11
5868,5
5869,4
5870,3
5871,11
5872,5
5873,6
5876,25
5877,1
5880,4
5881,9
5882,9
5883,1
5884,24
5886,4
5887,22
5890,5
5891,8
5892,8
5893,22
5897,18
5898,11
5899,9
5900,1
5902,22
5903,1
5904,3
5905,22
5906,8
5907,11
5908,5
5909,17
5910,8
5911,13
5912,1
5913,1
5915,11
5916,25
5917,5
5919,13
5920,9
5921,13
5924,11
5926,25
5928,1
5930,1
5931,22
5932,4
5933,1
5934,4
5937,25
5938,1
5940,11
5941,1
5944,1
5946,9
5947,11
5948,22
5949,1
5951,5
5952,4
5953,4
5954,1
5956,4
5958,9
5959,13
5961,11
5962,30
5965,4
5966,5
5970,1
5972,5
5974,13
5975,9
5976,5
5977,11
5979,22
5980,8
5981,1
5982,11
5983,1
5986,22
5987,9
5991,22
5992,8
5994,11
5995,9
5997,4
5998,5
6001,13
6002,1
6003,11
6005,13
6006,9
6007,1
6008,9
6009,11
6010,9
6011,4
6012,9
6013,4
6014,1
6016,24
6018,8
6019,1
6021,11
6022,11
6023,4
6026,1
6027,1
6028,22
6029,35
6032,4
6035,24
6037,4
6041,22
6042,3
6044,1
6045,1
6047,31
6051,1
6052,1
6054,1
6055,11
6056,22
6058,8
6059,22
6061,24
6063,11
6064,1
6066,9
6067,1
6068,11
6070,22
6071,4
6072,3
6073,8
6074,1
6075,9
6076,11
6077,4
6078,5
6079,1
6080,9
6081,9
6082,22
6083,18
6085,5
6087,4
6088,1
6090,9
6091,35
6094,13
6095,22
6097,4
6098,1
6099,1
6100,11
6101,24
6102,1
6103,24
6104,1
6105,4
6107,11
6108,11
6109,22
6110,1
6112,1
6113,1
6115,8
6117,4
6119,8
6120,17
6121,9
6122,5
6124,8
6126,9
6127,3
6129,22
6130,11
6131,11
6133,22
6134,9
6137,9
6139,1
6140,9
6143,6
6145,8
6146,3
6148,4
6149,13
6150,9
6151,5
6153,11
6154,11
6155,9
6157,22
6158,8
6159,5
6160,1
6161,22
6164,9
6165,9
6168,9
6169,10
6170,30
6171,4
6172,8
6174,8
6175,22
6176,4
6177,22
6178,27
6179,22
6181,5
6182,5
6184,3
6185,1
6187,9
6189,1
6192,22
6193,9
6194,1
6195,4
6196,2
6198,1
6199,22
6201,1
6202,11
6203,8
6204,8
6205,13
6208,1
6209,1
6210,14
6212,4
6215,5
6216,1
6217,1
6218,8
6219,9
6221,1
6222,23
6223,9
6224,11
6228,8
6231,22
6232,1
6233,1
6234,8
6235,11
6236,11
6238,4
6241,1
6244,11
6246,9
6249,25
6250,22
6251,8
6252,6
6253,11
6256,1
6258,1
6260,22
6261,25
6262,8
6264,9
6265,8
6266,22
6268,9
6270,9
6271,4
6273,9
6274,4
6276,4
6278,22
6280,1
6281,9
6282,1
6284,5
6285,1
6287,22
6288,22
6289,22
6292,9
6293,1
6295,4
6296,9
6297,8
6298,1
6300,1
6301,1
6303,13
6304,11
6305,1
6307,11
6308,9
6309,8
6310,17
6312,1
6313,1
6316,8
6317,4
6318,9
6319,5
6320,22
6321,1
6322,8
6324,8
6326,4
6327,1
6328,4
6329,3
6330,9
6333,9
6334,9
6335,9
6336,9
6337,4
6340,11
6341,6
6342,1
6344,1
6346,8
6347,13
6348,11
6349,8
6351,8
6352,11
6353,4
6354,1
6355,9
6356,9
6357,1
6359,9
6360,3
6361,11
6364,4
6365,8
6366,3
6367,4
6368,9
6369,14
6371,11
6372,3
6373,9
6374,4
6375,4
6377,4
6378,5
6380,22
6382,11
6383,11
6384,1
6385,5
6386,9
6387,11
6388,13
6389,18
6390,8
6391,1
6393,8
6394,8
6396,8
6399,1
6402,9
6403,9
6406,16
6407,3
6409,11
6410,40
6411,8
6412,8
6413,9
6414,11
6416,1
6417,9
6418,22
6421,9
6422,3
6424,13
6427,8
6429,25
6430,1
6431,18
6432,5
6433,4
6435,22
6436,22
6439,4
6440,5
6444,11
6445,8
6446,9
6447,3
6448,3
6449,11
6450,9
6451,1
6452,8
6453,25
6454,5
6456,5
6459,9
6460,6
6462,1
6463,22
6464,1
6465,8
6466,13
6467,9
6469,29
6471,1
6473,1
6474,14
6475,4
6476,9
6477,30
6478,9
6479,8
6480,4
6481,11
6482,8
6483,4
6484,1
6488,13
6489,5
6491,24
6492,9
6493,4
6496,9
6497,9
6498,9
6499,22
6500,22
6501,4
6502,4
6503,4
6504,13
6505,22
6506,11
6507,4
6508,8
6509,4
6511,9
6513,22
6514,1
6516,9
6517,4
6518,9
6519,1
6520,24
6521,1
6522,5
6523,11
6524,28
6526,1
6527,5
6529,5
6531,5
6535,9
6537,11
6538,9
6540,9
6541,1
6542,1
6543,8
6544,22
6545,11
6546,4
6548,11
6549,9
6550,25
6552,13
6553,1
6556,1
6557,9
6559,41
6560,42
6561,9
6563,1
6564,22
6565,22
6566,1
6567,9
6568,9
6569,9
6570,11
6571,11
6572,22
6573,1
6575,5
6576,11
6577,11
6578,30
6579,9
6580,21
6581,21
6582,21
6583,21
6584,21
6585,21
6586,21
6587,21
6588,21
6589,21
6590,21
6591,21
6592,21
6593,21
6594,21
6595,21
6596,21
6597,21
6598,21
6599,21
6600,21
6601,21
6602,21
6603,21
6604,21
6605,21
6606,21
6607,21
6608,21
6609,21
6610,21
6611,21
6612,21
6613,21
6614,21
6615,21
6616,21
6617,21
6618,21
6619,21
6620,21
6621,21
6622,21
6623,21
6624,21
6625,21
6626,21
6627,21
6628,21
6629,21
6630,21
6631,21
6632,21
6633,21
6634,21
6635,21
6636,21
6637,21
6638,21
6639,21
6640,21
6641,21
6642,21
6643,21
6644,21
6645,21
6646,21
6647,21
6648,21
6649,21
6650,21
6651,21
6652,21
6653,21
6654,21
6655,21
6656,21
6657,21
6658,21
6659,21
6660,21
6661,21
6662,21
6663,21
6664,21
6665,21
6666,21
6667,21
6668,21
6669,21
6670,21
6671,21
6672,21
6673,21
6674,21
6675,21
6676,21
6677,21
6678,21
6679,21
6680,21
6681,21
6682,21
6683,21
6684,21
6685,21
6686,21
6687,21
6688,21
6689,21
6690,21
6691,21
6692,21
6693,21
6694,21
6695,21
6696,21
6697,21
6698,21
6699,21
6700,21
6701,21
6702,21
6703,21
6704,21
6705,21
6706,21
6707,21
6708,21
6709,21
6710,21
6711,21
6712,21
6713,21
6714,21
6715,21
6716,21
6717,21
6718,21
6719,21
6720,21
6721,21
6722,21
6723,21
6724,21
6725,21
6726,21
6727,21
6728,21
6729,21
6730,21
6731,21
6732,21
6733,21
6734,21
6735,21
6736,21
6737,21
6738,21
6739,21
6740,21
6741,21
6742,21
6743,21
6744,21
6745,21
6746,21
6747,21
6748,21
6749,21
6750,21
6751,21
6752,21
6753,21
6754,21
6755,21
6756,21
6757,21
6758,21
6760,21
6761,21
6762,21
6763,21
6764,21
6765,21
6766,21
6767,21
6768,21
6769,21
6770,21
6771,21
6772,21
6773,21
6774,21
6775,21
6776,21
6777,21
6778,21
6779,21
6780,21
6781,21
6782,21
6783,21
6784,21
6785,21
6786,21
6787,21
6788,21
6789,21
6790,21
6791,21
6792,21
6793,21
6794,21
6795,21
6796,21
6797,21
6798,21
6799,21
6800,21
6801,21
6802,21
6803,21
6804,21
6805,21
6806,21
6807,21
6808,21
6809,21
6810,21
6811,21
6812,21
6813,21
6814,21
6815,21
6816,21
6817,21
6818,21
6819,21
6820,21
6821,21
6822,21
6823,21
6824,21
6825,21
6826,21
6827,21
6828,21
6829,21
6830,21
6831,21
6832,21
6833,21
6834,21
6835,21
6836,21
6837,21
6838,21
6839,21
6840,21
6841,21
6842,21
6843,21
6844,21
6845,21
6846,21
6847,21
6848,21
6849,21
6850,21
6851,21
6852,21
6853,21
6854,21
6855,21
6856,21
6857,21
6858,21
6859,21
6860,21
6861,21
6862,21
6863,21
6864,21
6865,21
6866,21
6867,21
6868,21
6869,21
6870,21
6871,21
6872,21
6873,21
6874,21
6875,21
6876,21
6877,21
6878,21
6879,21
6880,21
6881,21
6882,21
6883,21
6884,21
6885,21
6886,21
6887,21
6888,21
6889,21
6890,21
6891,21
6892,21
6893,21
6894,21
6895,21
6896,21
6897,21
6898,21
6899,21
6900,21
6901,21
6902,21
6903,21
6904,21
6905,21
6906,21
6907,21
6908,21
6909,21
6910,21
6911,21
6912,21
6913,21
6914,21
6915,21
6916,21
6917,21
6918,21
6919,21
6920,21
6921,21
6922,21
6923,21
6924,21
6925,21
6926,21
6927,21
6928,21
6929,21
6930,21
6931,21
6932,21
6933,21
6934,21
6935,21
6936,21
6937,21
6938,21
6939,21
6940,21
6941,21
6942,21
6943,21
6944,21
6945,21
6946,21
6947,21
6948,21
6949,21
6950,21
6951,21
6952,21
6953,21
6954,21
6955,21
6956,21
6957,21
6958,21
6959,21
6960,21
6961,21
6962,21
6963,21
6964,21
6965,21
6966,21
6967,21
6968,21
6969,21
6970,21
6971,21
6972,21
6973,21
6974,21
6975,21
6976,21
6977,21
6978,21
6979,21
6980,21
6981,21
6982,21
6983,21
6984,21
6985,21
6986,21
6987,21
6988,21
6989,21
6990,21
6991,21
6992,21
6993,21
6994,21
6995,21
6996,21
6997,21
6998,21
6999,21
7000,21
7001,21
7002,21
7003,21
7004,21
7005,21
7006,21
7007,21
7008,21
7009,21
7010,21
7011,21
7012,21
7013,21
7014,21
7015,21
7016,21
7017,21
7018,21
7019,21
7020,21
7021,21
7022,21
7023,21
7024,21
7025,21
7026,21
7027,21
7028,21
7029,21
7030,21
7031,21
7032,21
7033,21
7034,21
7035,21
7036,21
7037,21
7038,21
7039,21
7040,21
7041,21
7042,21
7043,21
7044,21
7045,21
7046,21
7047,21
7048,21
7049,21
7050,21
7051,21
7052,21
7053,21
7054,21
7055,21
7056,21
7057,21
7059,21
7060,21
7061,21
7062,21
7063,21
7064,21
7065,21
7066,21
7067,21
7068,21
7069,21
7070,21
7071,21
7072,21
7073,21
7074,21
7075,21
7076,21
7077,21
7078,21
7079,21
7080,21
7081,21
7082,21
7083,21
7084,21
7085,21
7086,21
7087,21
7088,21
7089,21
7090,21
7091,21
7092,21
7093,21
7094,21
7095,21
7096,21
7097,21
7098,21
7099,21
7100,21
7101,21
7102,21
7103,21
7104,21
7105,21
7106,21
7107,21
7108,21
7109,21
7110,21
7111,21
7112,21
7113,21
7114,21
7115,21
7116,21
7117,21
7118,21
7119,21
7120,21
7121,21
7122,21
7123,21
7124,21
7125,21
7126,21
7127,21
7128,21
7129,21
7130,21
7131,21
7132,21
7133,21
7134,21
7135,21
7136,21
7137,21
7138,21
7139,21
7140,21
7141,21
7142,21
7143,21
7144,21
7145,21
7146,21
7147,21
7148,21
7149,21
7150,21
7151,21
7152,21
7153,21
7154,21
7155,21
7156,21
7157,21
7158,21
7159,21
7160,21
7161,21
7162,21
7163,21
7164,21
7165,21
7166,21
7167,21
7168,21
7169,21
7170,21
7171,21
7172,21
7173,21
7174,21
7175,21
7176,21
7177,21
7178,21
7179,21
7180,21
7181,21
7182,21
7183,21
7184,21
7185,21
7186,21
7187,21
7188,21
7189,21
7190,21
7191,21
7192,21
7193,21
7194,21
7195,21
7196,21
7197,21
7198,21
7199,21
7200,21
7201,21
7202,21
7203,21
7204,21
7205,21
7206,21
7207,21
7208,21
7209,21
7210,21
7211,21
7212,21
7213,21
7214,21
7215,21
7216,21
7217,21
7218,21
7219,21
7220,21
7221,21
7222,21
7223,21
7224,21
7225,21
7226,21
7227,21
7228,21
7229,21
7230,21
7231,21
7232,21
7233,21
7234,21
7235,21
7236,21
7237,21
7238,21
7239,21
7240,21
7241,21
7242,21
7243,21
7244,21
7245,21
7246,21
7247,21
7249,21
7250,21
7251,21
7252,21
7253,21
7254,21
7255,21
7256,21
7257,21
7258,21
7259,21
7260,21
7261,21
7262,21
7263,21
7264,21
7265,21
7266,21
7267,21
7268,21
7269,21
7270,21
7271,21
7272,21
7273,21
7274,21
7275,21
7276,21
7277,21
7278,21
7279,21
7280,21
7281,21
7282,21
7283,21
7284,21
7285,21
7286,21
7287,21
7288,21
7289,21
7290,21
7291,21
7292,21
7293,21
7294,21
7295,21
7296,21
7297,21
7298,21
7299,21
7300,21
7301,21
7302,21
7303,21
7304,21
7305,21
7306,21
7307,21
7308,21
7309,21
7310,21
7311,21
7312,21
7313,21
7314,21
7315,21
7316,21
7317,21
7318,21
7319,21
7320,21
7321,21
7322,21
7323,21
7324,21
7325,21
7326,21
7327,21
7328,21
7329,21
7330,21
7331,21
7332,21
7333,21
7334,21
7335,21
7336,21
7337,21
7338,21
7339,21
7340,21
7341,21
7342,21
7343,21
7344,21
7345,21
7346,21
7347,21
7348,21
7349,21
7350,21
7351,21
7352,21
7353,21
7354,21
7355,21
7356,21
7357,21
7358,21
7359,21
7360,21
7361,21
7362,21
7363,21
7364,21
7365,21
7366,21
7367,21
7368,21
7369,21
7370,21
7371,21
7372,21
7373,21
7374,21
7375,21
7376,21
7377,21
7378,21
7379,21
7380,21
7381,21
7382,21
7383,21
7384,21
7385,21
7386,21
7387,21
7388,21
7389,21
7390,21
7391,21
7392,21
7393,21
7394,21
7395,21
7396,21
7397,21
7398,21
7399,21
7400,21
7401,21
7402,21
7403,21
7404,21
7405,21
7406,21
7407,21
7408,21
7409,21
7410,21
7411,21
7412,21
7413,21
7414,21
7415,21
7416,21
7417,21
7418,21
7419,21
7420,21
7421,21
7422,21
7423,21
7424,21
7425,21
7426,21
7427,21
7428,21
7429,21
7430,21
7431,21
7432,21
7433,21
7434,21
7435,21
7436,21
7437,21
7438,21
7439,21
7440,21
7441,21
7442,21
7443,21
7444,21
7445,21
7446,21
7447,21
7448,21
7449,21
7450,21
7451,21
7452,21
7453,21
7454,21
7455,21
7456,21
7457,21
7458,21
7459,21
7460,21
7461,21
7462,21
7463,21
7464,21
7465,21
7466,21
7467,21
7468,21
7469,21
7470,21
7471,21
7472,21
7473,21
7474,21
7475,21
7476,21
7477,21
7478,21
7479,21
7480,21
7481,21
7482,21
7483,21
7484,21
7485,21
7486,21
7487,21
7488,21
7489,21
7490,21
7491,21
7492,21
7493,21
7494,21
7495,21
7496,21
7497,21
7498,21
7499,21
7500,21
7501,21
7502,21
7503,21
7504,21
7505,21
7506,21
7507,21
7508,21
7509,21
7510,21
7511,21
7512,21
7513,21
7514,21
7515,21
7516,21
7517,21
7518,21
7519,21
7520,21
7521,21
7522,21
7523,21
7524,21
7525,21
7526,21
7527,21
7528,21
7529,21
7530,21
7531,21
7532,21
7533,21
7534,21
7535,21
7536,21
7537,21
7538,21
7539,21
7540,21
7541,21
7542,21
7543,21
7544,21
7545,21
7546,21
7547,21
7548,21
7549,21
7550,21
7551,21
7552,21
7553,21
7554,21
7555,21
7556,21
7557,21
7558,21
7559,21
7560,21
7561,21
7562,21
7563,21
7564,21
7565,21
7566,21
7567,21
7568,21
7569,21
7570,21
7571,21
7572,21
7573,21
7574,21
7575,21
7576,21
7577,21
7578,21
7579,21
7580,21
7581,21
7582,21
7583,21
7584,21
7585,21
7586,21
7587,21
7588,21
7589,21
7590,21
7591,21
7592,21
7593,21
7594,21
7595,21
7596,21
7597,21
7598,21
7599,21
7600,21
7601,21
7602,21
7603,21
7604,21
7605,21
7606,21
7607,21
7608,21
7609,21
7610,21
7611,21
7612,21
7613,21
7614,21
7615,21
7616,21
7617,21
7618,21
7619,21
7620,21
7621,21
7622,21
7623,21
7624,21
7625,21
7626,21
7627,21
7628,21
7629,21
7630,21
7631,21
7632,21
7633,21
7634,21
7635,21
7636,21
7637,21
7638,21
7639,21
7640,21
7641,21
7642,21
7643,21
7644,21
7645,21
7646,21
7647,21
7648,21
7649,21
7650,21
7651,21
7652,21
7653,21
7654,21
7655,21
7656,21
7657,21
7658,21
7659,21
7660,21
7661,21
7662,21
7663,21
7664,21
7665,21
7666,21
7667,21
7668,21
7669,21
7670,21
7671,21
7672,21
7673,21
7674,21
7675,21
7676,21
7677,21
7678,21
7679,21
7680,21
7681,21
7682,21
7683,21
7684,21
7685,21
7686,21
7687,21
7688,21
7689,21
7690,21
7691,21
7692,21
7693,21
7694,21
7695,21
7696,21
7697,21
7698,21
7699,21
7700,21
7701,21
7702,21
7703,21
7704,21
7705,21
7706,21
7707,21
7708,21
7709,21
7710,21
7711,21
7712,21
7713,21
7714,21
7715,21
7716,21
7717,21
7718,21
7719,21
7720,21
7721,21
7722,21
7723,21
7724,21
7725,21
7726,21
7727,21
7728,21
7729,21
7730,21
7731,21
7732,21
7733,21
7734,21
7735,21
7736,21
7737,21
7738,21
7739,21
7740,21
7741,21
7742,21
7743,21
7744,21
7745,21
7746,21
7747,21
7748,21
7749,21
7750,21
7751,21
7752,21
7753,21
7754,21
7755,21
7756,21
7757,21
7758,21
7759,21
7760,21
7761,21
7762,21
7763,21
7764,21
7765,21
7766,21
7767,21
7768,21
7769,21
7770,21
7771,21
7772,21
7773,21
7774,21
7775,21
7776,21
7777,21
7778,21
7779,21
7780,21
7781,21
7782,21
7783,21
7784,21
7785,21
7786,21
7787,21
7788,21
7789,21
7790,21
7791,21
7792,21
7793,21
7794,21
7795,21
7796,21
7797,21
7798,21
7799,21
7800,21
7801,21
7802,21
7803,21
7804,21
7805,21
7806,21
7807,21
7808,21
7809,21
7810,21
7811,21
7812,21
7813,21
7814,21
7815,21
7816,21
7817,21
7818,21
7819,21
7820,21
7821,21
7822,21
7823,21
7824,21
7825,21
7826,21
7827,21
7828,21
7829,21
7830,21
7831,21
7832,21
7833,21
7834,21
7835,21
7836,21
7837,21
7838,21
7839,21
7840,21
7841,21
7842,21
7843,21
7844,21
7845,21
7846,21
7847,21
7848,21
7849,21
7850,21
7851,21
7852,21
7853,21
7854,21
7855,21
7856,21
7857,21
7858,21
7859,21
7860,21
7861,21
7862,21
7863,21
7864,21
7865,21
7866,21
7867,21
7868,21
7869,21
7870,21
7871,21
7872,21
7873,21
7874,21
7875,21
7876,21
7877,21
7878,21
7879,21
7880,21
7881,21
7882,21
7883,21
7884,21
7885,21
7886,21
7887,21
7888,21
7889,21
7890,21
7891,21
7892,21
7893,21
7894,21
7895,21
7896,21
7897,21
7898,21
7899,21
7900,21
7901,21
7902,21
7903,21
7904,21
7905,21
7906,21
7907,21
7908,21
7909,21
7910,21
7911,21
7912,21
7913,21
7914,21
7915,21
7916,21
7917,21
7918,21
7919,21
7920,21
7921,21
7922,21
7923,21
7924,21
7925,21
7926,21
7927,21
7928,21
7929,21
7930,21
7931,21
7932,21
7933,21
7934,21
7935,21
7936,21
7937,21
7938,21
7939,21
7940,21
7941,21
7942,21
7943,21
7944,21
7945,21
7946,21
7947,21
7948,21
7949,21
7950,21
7951,21
7952,21
7953,21
7954,21
7955,21
7956,21
7957,21
7958,21
7959,21
7960,21
7961,21
7962,21
7963,21
7964,21
7965,21
7966,21
7967,21
7968,21
7969,21
7970,21
7971,21
7972,21
7973,21
7974,21
7975,21
7976,21
7977,21
7978,21
7979,21
7980,21
7981,21
7982,21
7983,21
7984,21
7985,21
7986,21
7987,21
7988,21
7989,21
7990,21
7991,21
7992,21
7993,21
7994,21
7995,21
7996,21
7997,21
7998,21
7999,21
8000,21
8001,21
8002,21
8003,21
8004,21
8005,21
8006,21
8007,21
8008,21
8009,21
8010,21
8011,21
8012,21
8013,21
8014,21
8015,21
8016,21
8017,21
8018,21
8019,21
8020,21
8021,21
8022,21
8023,21
8024,21
8025,21
8026,21
8027,21
8028,21
8029,21
8030,21
8031,21
8032,21
8033,21
8034,21
8035,21
8036,21
8037,21
8038,21
8039,21
8040,21
8041,21
8042,21
8043,21
8044,21
8045,21
8046,21
8047,21
8048,21
8049,21
8050,21
8051,21
8052,21
8053,21
8054,21
8055,21
8056,21
8057,21
8058,21
8059,21
8060,21
8061,21
8062,21
8063,21
8064,21
8065,21
8066,21
8067,21
8068,21
8069,21
8070,21
8071,21
8072,21
8073,21
8074,21
8075,21
8076,21
8077,21
8078,21
8079,21
8080,21
8081,21
8082,21
8083,21
8084,21
8085,21
8086,21
8087,21
8088,21
8089,21
8090,21
8091,21
8092,21
8093,21
8094,21
8095,21
8096,21
8097,21
8098,21
8099,21
8100,21
8101,21
8102,21
8103,21
8104,21
8105,21
8106,21
8107,21
8108,21
8109,21
8110,21
8111,21
8112,21
8113,21
8114,21
8115,21
8116,21
8117,21
8118,21
8119,21
8120,21
8121,21
8122,21
8123,21
8124,21
8125,21
8126,21
8127,21
8128,21
8129,21
8130,21
8131,21
8132,21
8133,21
8134,21
8135,21
8136,21
8137,21
8138,21
8139,21
8140,21
8141,21
8142,21
8143,21
8144,21
8145,21
8146,21
8147,21
8148,21
8149,21
8150,21
8151,21
8152,21
8153,21
8154,21
8155,21
8156,21
8157,21
8158,21
8159,21
8160,21
8161,21
8163,21
8164,21
8165,21
8166,21
8167,21
8168,21
8169,21
8170,21
8171,21
8172,21
8173,21
8174,21
8175,21
8176,21
8177,21
8178,21
8179,21
8180,21
8181,21
8182,21
8183,21
8184,21
8185,21
8186,21
8187,21
8188,21
8189,21
8190,21
8191,21
8192,21
8193,21
8194,21
8195,21
8196,21
8197,21
8198,21
8199,21
8200,21
8201,21
8202,21
8203,21
8204,21
8205,21
8206,21
8207,21
8208,21
8209,21
8210,21
8211,21
8212,21
8213,21
8214,21
8215,21
8216,21
8217,21
8218,21
8219,21
8220,21
8221,21
8222,21
8223,21
8224,21
8225,21
8226,21
8227,21
8228,21
8229,21
8230,21
8231,21
8232,21
8233,21
8234,21
8235,21
8236,21
8237,21
8238,21
8239,21
8240,21
8241,21
8242,21
8243,21
8244,21
8245,21
8246,21
8247,21
8248,21
8249,21
8250,21
8251,21
8252,21
8253,21
8254,21
8255,21
8256,21
8257,21
8258,21
8259,21
8260,21
8261,21
8262,21
8263,21
8264,21
8265,21
8266,21
8267,21
8268,21
8269,21
8270,21
8271,21
8272,21
8273,21
8274,21
8275,21
8276,21
8277,21
8278,21
8279,21
8280,21
8281,21
8282,21
8283,21
8284,21
8285,21
8286,21
8287,21
8288,21
8289,21
8290,21
8291,21
8292,21
8293,21
8294,21
8295,21
8296,21
8297,21
8298,21
8299,21
8300,21
8301,21
8302,21
8303,21
8304,21
8305,21
8306,21
8307,21
8308,21
8309,21
8310,21
8311,21
8312,21
8313,21
8314,21
8315,21
8316,21
8317,21
8318,21
8319,21
8320,21
8321,21
8322,21
8323,21
8324,21
8325,21
8326,21
8327,21
8328,21
8329,21
8330,21
8331,21
8332,21
8333,21
8334,21
8335,21
8336,21
8337,21
8338,21
8339,21
8340,21
8341,21
8342,21
8343,21
8344,21
8345,21
8346,21
8347,21
8348,21
8349,21
8350,21
8351,21
8352,21
8353,21
8354,21
8355,21
8356,21
8357,21
8358,21
8359,21
8360,21
8361,21
8362,21
8363,21
8364,21
8365,21
8366,21
8367,21
8368,21
8369,21
8370,21
8371,21
8372,21
8373,21
8374,21
8375,21
8376,21
8377,21
8378,21
8379,21
8380,21
8381,21
8382,21
8383,21
8384,21
8385,21
8386,21
8387,21
8388,21
8389,21
8390,21
8391,21
8392,21
8393,21
8394,21
8395,21
8396,21
8397,21
8398,21
8399,21
8400,21
8401,21
8402,21
8403,21
8404,21
8405,21
8406,21
8407,21
8408,21
8409,21
8410,21
8411,21
8412,21
8413,21
8414,21
8415,21
8416,21
8417,21
8418,21
8419,21
8420,21
8421,21
8422,21
8423,21
8424,21
8425,21
8426,21
8427,21
8428,21
8429,21
8430,21
8431,21
8432,21
8433,21
8434,21
8435,21
8436,21
8437,21
8438,21
8439,21
8440,21
8441,21
8442,21
8443,21
8444,21
8445,21
8446,21
8447,21
8448,21
8449,21
8450,21
8451,21
8452,21
8453,21
8454,21
8455,21
8456,21
8457,21
8458,21
8459,21
8460,21
8461,21
8462,21
8463,21
8464,21
8465,21
8466,21
8467,21
8468,21
8469,21
8470,21
8471,21
8472,21
8473,21
8474,21
8475,21
8476,21
8477,21
8478,21
8479,21
8480,21
8481,21
8482,21
8483,21
8484,21
8485,21
8486,21
8487,21
8488,21
8489,21
8490,21
8491,21
8492,21
8493,21
8494,21
8495,21
8496,21
8497,21
8498,21
8499,21
8500,21
8501,21
8502,21
8503,21
8504,21
8505,21
8506,21
8507,21
8508,21
8509,21
8510,21
8511,21
8512,21
8513,21
8514,21
8515,21
8516,21
8517,21
8518,21
8519,21
8520,21
8521,21
8522,21
8523,21
8524,21
8525,21
8526,21
8527,21
8528,21
8529,21
8530,21
8531,21
8532,21
8533,21
8534,21
8535,21
8536,21
8537,21
8538,21
8539,21
8540,21
8541,21
8542,21
8543,21
8544,21
8545,21
8546,21
8547,21
8548,21
8549,21
8550,21
8551,21
8552,21
8553,21
8554,21
8555,21
8556,21
8557,21
8558,21
8559,21
8560,21
8561,21
8562,21
8563,21
8564,21
8565,21
8566,21
8567,21
8568,21
8569,21
8570,21
8571,21
8572,21
8573,21
8574,21
8575,21
8576,21
8577,21
8578,21
8579,21
8580,21
8581,21
8582,21
8583,21
8584,21
8585,21
8586,21
8587,21
8588,21
8589,21
8590,21
8591,21
8592,21
8593,21
8594,21
8595,21
8596,21
8597,21
8598,21
8599,21
8600,21
8601,21
8602,21
8603,21
8604,21
8605,21
8606,21
8607,21
8608,21
8609,21
8610,21
8611,21
8612,21
8613,21
8614,21
8615,21
8616,21
8617,21
8618,21
8619,21
8620,21
8621,21
8622,21
8623,21
8624,21
8625,21
8626,21
8627,21
8628,21
8629,21
8630,21
8631,21
8632,21
8633,21
8634,21
8635,21
8636,21
8637,21
8638,21
8639,21
8640,21
8641,21
8642,21
8643,21
8644,21
8645,21
8646,21
8647,21
8648,21
8649,21
8650,21
8651,21
8652,21
8653,21
8654,21
8655,21
8656,21
8657,21
8658,21
8659,21
8660,21
8661,21
8662,21
8663,21
8664,21
8665,21
8666,21
8667,21
8668,21
8669,21
8670,21
8671,21
8672,21
8673,21
8674,21
8675,21
8676,21
8677,21
8678,21
8679,21
8680,21
8681,21
8682,21
8683,21
8684,21
8685,21
8686,21
8687,21
8688,21
8689,21
8690,21
8691,21
8692,21
8693,21
8694,21
8695,21
8696,21
8697,21
8698,21
8699,21
8700,21
8701,21
8702,21
8703,21
8704,21
8705,21
8706,21
8707,21
8708,21
8709,21
8710,21
8711,21
8712,21
8713,21
8714,21
8715,21
8716,21
8717,21
8718,21
8719,21
8720,21
8721,21
8722,21
8723,21
8724,21
8725,21
8726,21
8727,21
8728,21
8729,21
8730,21
8731,21
8732,21
8733,21
8734,21
8735,21
8736,21
8737,21
8738,21
8739,21
8740,21
8741,21
8742,21
8743,21
8744,21
8745,21
8746,21
8747,21
8748,21
8749,21
8750,21
8751,21
8752,21
8753,21
8754,21
8755,21
8756,21
8757,21
8758,21
8759,21
8760,21
8761,21
8762,21
8763,21
8764,21
8765,21
8766,21
8767,21
8768,21
8769,21
8770,21
8771,21
8772,21
8773,21
8774,21
8775,21
8776,21
8777,21
8778,21
8779,21
8780,21
8781,21
8782,21
8783,21
8784,21
8785,21
8786,21
8787,21
8788,21
8789,21
8790,21
8791,21
8792,21
8793,21
8794,21
8795,21
8796,21
8797,21
8798,21
8799,21
8800,21
8801,21
8802,21
8803,21
8804,21
8805,21
8806,21
8807,21
8808,21
8809,21
8810,21
8811,21
8812,21
8813,21
8814,21
8815,21
8816,21
8817,21
8818,21
8819,21
8820,21
8821,21
8822,21
8823,21
8824,21
8825,21
8826,21
8827,21
8828,21
8829,21
8830,21
8831,21
8832,21
8833,21
8834,21
8835,21
8836,21
8837,21
8838,21
8839,21
8840,21
8841,21
8842,21
8843,21
8844,21
8845,21
8846,21
8847,21
8848,21
8849,21
8850,21
8851,21
8852,21
8853,21
8854,21
8855,21
8856,21
8857,21
8858,21
8859,21
8860,21
8861,21
8862,21
8863,21
8864,21
8865,21
8866,21
8867,21
8868,21
8869,21
8870,21
8871,21
8872,21
8873,21
8874,21
8875,21
8876,21
8877,21
8878,21
8879,21
8880,21
8881,21
8882,21
8883,21
8884,21
8885,21
8886,21
8887,21
8888,21
8889,21
8890,21
8891,21
8892,21
8893,21
8894,21
8895,21
8896,21
8897,21
8898,21
8899,21
8900,21
8902,21
8903,21
8904,21
8905,21
8906,21
8907,21
8908,21
8909,21
8910,21
8911,21
8912,21
8913,21
8914,21
8915,21
8916,21
8917,21
8918,21
8919,21
8920,21
8921,21
8922,21
8923,21
8924,21
8925,21
8926,21
8927,21
8928,21
8929,21
8930,21
8931,21
8932,21
8933,21
8934,21
8935,21
8936,21
8937,21
8938,21
8939,21
8940,21
8941,21
8942,21
8943,21
8944,21
8945,21
8946,21
8947,21
8948,21
8949,21
8950,21
8951,21
8952,21
8953,21
8954,21
8955,21
8956,21
8957,21
8958,21
8959,21
8960,21
8961,21
8962,21
8963,21
8964,21
8965,21
8966,21
8967,21
8968,21
8969,21
8970,21
8971,21
8972,21
8973,21
8974,21
8975,21
8976,21
8977,21
8978,21
8979,21
8980,21
8981,21
8982,21
8983,21
8984,21
8985,21
8986,21
8987,21
8988,21
8989,21
8990,21
8991,21
8992,21
8993,21
8994,21
8995,21
8996,21
8997,21
8998,21
8999,21
9000,21
9001,21
9002,21
9003,21
9004,21
9005,21
9006,21
9007,21
9008,21
9009,21
9010,21
9011,21
9012,21
9013,21
9014,21
9015,21
9016,21
9017,21
9018,21
9019,21
9020,21
9021,21
9022,21
9023,21
9024,21
9025,21
9026,21
9027,21
9028,21
9029,21
9030,21
9031,21
9032,21
9033,21
9034,21
9035,21
9036,21
9037,21
9038,21
9039,21
9040,21
9041,21
9042,21
9043,21
9044,21
9045,21
9046,21
9047,21
9048,21
9049,21
9050,21
9051,21
9052,21
9053,21
9054,21
9055,21
9056,21
9057,21
9058,21
9059,21
9060,21
9061,21
9062,21
9063,21
9064,21
9065,21
9066,21
9067,21
9068,21
9069,21
9070,21
9071,21
9072,21
9073,21
9074,21
9075,21
9076,21
9077,21
9078,21
9079,21
9080,21
9081,21
9082,21
9083,21
9084,21
9085,21
9086,21
9087,21
9088,21
9089,21
9090,21
9091,21
9092,21
9093,21
9094,21
9095,21
9096,21
9097,21
9098,21
9099,21
9100,21
9101,21
9102,21
9103,21
9104,21
9105,21
9106,21
9107,21
9108,21
9109,21
9110,21
9111,21
9112,21
9113,21
9114,21
9115,21
9116,21
9117,21
9118,21
9119,21
9120,21
9121,21
9122,21
9123,21
9124,21
9125,21
9126,21
9127,21
9128,21
9129,21
9130,21
9131,21
9132,21
9133,21
9134,21
9135,21
9136,21
9137,21
9138,21
9139,21
9140,21
9141,21
9142,21
9143,21
9144,21
9145,21
9146,21
9147,21
9148,21
9149,21
9150,21
9151,21
9152,21
9153,21
9154,21
9155,21
9156,21
9157,21
9158,21
9159,21
9160,21
9161,21
9162,21
9163,21
9164,21
9165,21
9166,21
9167,21
9168,21
9169,21
9170,21
9171,21
9172,21
9173,21
9174,21
9175,21
9176,21
9177,21
9178,21
9179,21
9180,21
9181,21
9182,21
9183,21
9184,21
9185,21
9186,21
9187,21
9188,21
9189,21
9190,21
9191,21
9192,21
9193,21
9194,21
9195,21
9196,21
9197,21
9198,21
9199,21
9200,21
9201,21
9202,21
9203,21
9204,21
9205,21
9206,21
9207,21
9208,21
9209,21
9210,21
9211,21
9212,21
9213,21
9214,21
9215,21
9216,21
9217,21
9218,21
9219,21
9220,21
9221,21
9222,21
9223,21
9224,21
9225,21
9226,21
9227,21
9228,21
9229,21
9230,21
9231,21
9232,21
9233,21
9234,21
9235,21
9236,21
9237,21
9238,21
9239,21
9240,21
9241,21
9242,21
9243,21
9244,21
9245,21
9246,21
9247,21
9248,21
9249,21
9250,21
9251,21
9252,21
9253,21
9254,21
9255,21
9256,21
9257,21
9258,21
9259,21
9260,21
9261,21
9262,21
9263,21
9264,21
9265,21
9266,21
9267,21
9268,21
9269,21
9270,21
9271,21
9272,21
9273,21
9274,21
9275,21
9276,21
9277,21
9278,21
9279,21
9280,21
9281,21
9282,21
9283,21
9284,21
9285,21
9286,21
9287,21
9288,21
9289,21
9290,21
9291,21
9292,21
9293,21
9294,21
9295,21
9296,21
9297,21
9298,21
9299,21
9300,21
9301,21
9302,21
9303,21
9304,21
9305,21
9306,21
9307,21
9308,21
9309,21
9310,21
9311,21
9312,21
9313,21
9314,21
9315,21
9316,21
9317,21
9318,21
9319,21
9320,21
9321,21
9322,21
9323,21
9324,21
9325,21
9326,21
9327,21
9328,21
9329,21
9330,21
9331,21
9332,21
9333,21
9334,21
9335,21
9336,21
9337,21
9338,21
9339,21
9340,21
9341,21
9342,21
9343,21
9344,21
9345,21
9346,21
9347,21
9348,21
9349,21
9350,21
9351,21
9352,21
9353,21
9354,21
9355,21
9356,21
9357,21
9358,21
9359,21
9360,21
9361,21
9362,21
9363,21
9364,21
9365,21
9366,21
9367,21
9368,21
9369,21
9370,21
9371,21
9372,21
9373,21
9374,21
9375,21
9376,21
9377,21
9378,21
9379,21
9380,21
9381,21
9382,21
9383,21
9384,21
9385,21
9386,21
9387,21
9388,21
9389,21
9390,21
9391,21
9392,21
9393,21
9394,21
9395,21
9396,21
9397,21
9398,21
9399,21
9400,21
9401,21
9402,21
9403,21
9404,21
9405,21
9406,21
9407,21
9408,21
9409,21
9410,21
9411,21
9412,21
9413,21
9414,21
9415,21
9416,21
9417,21
9418,21
9419,21
9420,21
9421,21
9422,21
9423,21
9424,21
9425,21
9426,21
9427,21
9428,21
9429,21
9430,21
9431,21
9432,21
9433,21
9434,21
9435,21
9436,21
9437,21
9438,21
9439,21
9440,21
9441,21
9442,21
9443,21
9444,21
9445,21
9446,21
9447,21
9448,21
9449,21
9450,21
9451,21
9452,21
9453,21
9454,21
9455,21
9456,21
9457,21
9458,21
9459,21
9460,21
9461,21
9462,21
9463,21
9464,21
9465,21
9466,21
9467,21
9468,21
9469,21
9470,21
9471,21
9472,21
9473,21
9474,21
9475,21
9476,21
9477,21
9478,21
9479,21
9480,21
9481,21
9482,21
9483,21
9484,21
9485,21
9486,21
9487,21
9488,21
9489,21
9490,21
9491,21
9492,21
9493,21
9494,21
9495,21
9496,21
9497,21
9498,21
9499,21
9500,21
9501,21
9502,21
9503,21
9504,21
9505,21
9506,21
9507,21
9508,21
9509,21
9510,21
9511,21
9512,21
9513,21
9514,21
9515,21
9516,21
9517,21
9518,21
9519,21
9520,21
9521,21
9522,21
9523,21
9524,21
9525,21
9526,21
9527,21
9528,21
9529,21
9530,21
9531,21
9532,21
9533,21
9534,21
9535,21
9536,21
9537,21
9538,21
9539,21
9540,21
9541,21
9542,21
9543,21
9544,21
9545,21
9546,21
9547,21
9548,21
9549,21
9550,21
9551,21
9552,21
9553,21
9554,21
9555,21
9556,21
9557,21
9558,21
9559,21
9560,21
9561,21
9562,21
9563,21
9565,21
9566,21
9567,21
9568,21
9569,21
9570,21
9571,21
9572,21
9573,21
9574,21
9575,21
9576,21
9577,21
9578,21
9579,21
9580,21
9581,21
9582,21
9583,21
9584,21
9585,21
9586,21
9587,21
9588,21
9589,21
9590,21
9591,21
9592,21
9593,21
9594,21
9595,21
9596,21
9597,21
9598,21
9599,21
9600,21
9601,21
9602,21
9603,21
9604,21
9605,21
9606,21
9607,21
9608,21
9609,21
9610,21
9611,21
9612,21
9613,21
9614,21
9615,21
9616,21
9617,21
9618,21
9619,21
9620,21
9621,21
9622,21
9623,21
9624,21
9625,21
9626,21
9627,21
9628,21
9629,21
9630,21
9631,21
9632,21
9633,21
9634,21
9635,21
9636,21
9637,21
9638,21
9639,21
9640,21
9641,21
9642,21
9643,21
9644,21
9645,21
9646,21
9647,21
9648,21
9649,21
9650,21
9651,21
9652,21
9653,21
9654,21
9655,21
9656,21
9657,21
9658,21
9659,21
9660,21
9661,21
9662,21
9663,21
9664,21
9665,21
9666,21
9667,21
9668,21
9669,21
9670,21
9671,21
9672,21
9673,21
9674,21
9675,21
9676,21
9677,21
9678,21
9679,21
9680,21
9681,21
9682,21
9683,21
9684,21
9685,21
9686,21
9687,21
9688,21
9689,21
9690,21
9691,21
9692,21
9693,21
9694,21
9695,21
9696,21
9697,21
9698,21
9699,21
9700,21
9701,21
9702,21
9703,21
9704,21
9705,21
9706,21
9707,21
9708,21
9709,21
9710,21
9711,21
9712,21
9713,21
9714,21
9715,21
9716,21
9717,21
9718,21
9719,21
9720,21
9721,21
9722,21
9723,21
9724,21
9725,21
9726,21
9727,21
9728,21
9729,21
9730,21
9731,21
9732,21
9733,21
9735,21
9736,21
9737,21
9738,21
9739,21
9740,21
9741,21
9742,21
9743,21
9744,21
9745,21
9746,21
9747,21
9748,21
9749,21
9750,21
9751,21
9752,21
9753,21
9754,21
9755,21
9756,21
9757,21
9758,21
9759,21
9760,21
9761,21
9762,21
9763,21
9764,21
9765,21
9766,21
9767,21
9768,21
9769,21
9770,21
9771,21
9772,21
9773,21
9774,21
9775,21
9776,21
9777,21
9778,21
9779,21
9780,21
9781,21
9782,21
9783,21
9784,21
9785,21
9786,21
9787,21
9788,21
9789,21
9790,21
9791,21
9792,21
9793,21
9794,21
9795,21
9796,21
9797,21
9798,21
9799,21
9800,21
9801,21
9802,21
9803,21
9804,21
9805,21
9806,21
9807,21
9808,21
9809,21
9810,21
9811,21
9812,21
9813,21
9814,21
9815,21
9816,21
9817,21
9818,21
9819,21
9820,21
9821,21
9822,21
9823,21
9824,21
9825,21
9826,21
9827,21
9828,21
9829,21
9830,21
9831,21
9832,21
9833,21
9834,21
9835,21
9836,21
9837,21
9838,21
9839,21
9840,21
9841,21
9842,21
9843,21
9844,21
9845,21
9846,21
9847,21
9848,21
9849,21
9850,21
9851,21
9852,21
9853,21
9854,21
9855,21
9856,21
9857,21
9858,21
9859,21
9860,21
9861,21
9862,21
9864,21
9865,21
9866,21
9867,21
9868,21
9869,21
9870,21
9871,21
9872,21
9873,21
9874,21
9875,21
9876,21
9877,21
9878,21
9879,21
9880,21
9881,21
9882,21
9883,21
9884,21
9885,21
9886,21
9887,21
9888,21
9889,21
9890,21
9891,21
9892,21
9893,21
9894,21
9895,21
9896,21
9897,21
9898,21
9899,21
9900,21
9901,21
9902,21
9903,21
9904,21
9905,21
9906,21
9907,21
9908,21
9909,21
9910,21
9911,21
9912,21
9913,21
9914,21
9915,21
9916,21
9917,21
9918,21
9919,21
9920,21
9921,21
9922,21
9923,21
9924,21
9925,21
9926,21
9927,21
9928,21
9929,21
9930,21
9931,21
9932,21
9933,21
9934,21
9935,21
9936,21
9937,21
9938,21
9939,21
9940,21
9941,21
9942,21
9943,21
9944,21
9945,21
9946,21
9947,21
9948,21
9949,21
9950,21
9951,21
9952,21
9953,21
9954,21
9955,21
9956,21
9957,21
9958,21
9959,21
9960,21
9961,21
9962,21
9963,21
9964,21
9965,21
9966,21
9967,21
9968,21
9969,21
9970,21
9971,21
9972,21
9973,21
9974,21
9975,21
9976,21
9977,21
9978,21
9979,21
9980,21
9981,21
9982,21
9983,21
9984,21
9985,21
9986,21
9987,21
9988,21
9989,21
9990,21
9991,21
9992,21
9993,21
9994,21
9995,21
9996,21
9997,21
9998,21
9999,21
10000,21
10001,21
10002,21
10003,21
10004,21
10005,21
10006,21
10007,21
10008,21
10009,21
10010,21
10011,21
10012,21
10013,21
10014,21
10015,21
10016,21
10017,21
10018,21
10019,21
10020,21
10021,21
10022,21
10023,21
10024,21
10025,21
10026,21
10027,21
10028,21
10029,21
10030,21
10031,21
10032,21
10033,21
10034,21
10035,21
10036,21
10037,21
10038,21
10039,21
10040,21
10041,21
10042,21
10043,21
10044,21
10045,21
10046,21
10047,21
10048,21
10049,21
10050,21
10051,21
10052,21
10053,21
10054,21
10056,21
10057,21
10058,21
10059,21
10060,21
10061,21
10062,21
10063,21
10064,21
10065,21
10066,21
10067,21
10068,21
10069,21
10070,21
10071,21
10072,21
10073,21
10074,21
10075,21
10076,21
10077,21
10078,21
10079,21
10080,21
10081,21
10082,21
10083,21
10084,21
10085,21
10086,21
10087,21
10088,21
10089,21
10090,21
10091,21
10092,21
10093,21
10094,21
10095,21
10096,21
10097,21
10098,21
10099,21
10100,21
10101,21
10102,21
10103,21
10104,21
10105,21
10106,21
10107,21
10108,21
10109,21
10110,21
10111,21
10112,21
10113,21
10114,21
10115,21
10116,21
10117,21
10118,21
10119,21
10120,21
10121,21
10122,21
10123,21
10124,21
10125,21
10126,21
10127,21
10128,21
10129,21
10130,21
10131,21
10132,21
10133,21
10134,21
10135,21
10136,21
10137,21
10138,21
10139,21
10140,21
10141,21
10142,21
10143,21
10144,21
10145,21
10146,21
10147,21
10148,21
10149,21
10150,21
10151,21
10152,21
10153,21
10154,21
10155,21
10156,21
10157,21
10158,21
10159,21
10160,21
10161,21
10162,21
10163,21
10164,21
10165,21
10166,21
10167,21
10168,21
10169,21
10170,21
10171,21
10172,21
10173,21
10174,21
10175,21
10176,21
10177,21
10178,21
10179,21
10180,21
10181,21
10182,21
10183,21
10184,21
10185,21
10186,21
10187,21
10188,21
10189,21
10190,21
10191,21
10192,21
10193,21
10194,21
10195,21
10196,21
10197,21
10198,21
10199,21
10200,21
10201,21
10202,21
10203,21
10204,21
10205,21
10206,21
10207,21
10208,21
10209,21
10210,21
10211,21
10212,21
10213,21
10214,21
10215,21
10216,21
10217,21
10218,21
10219,21
10220,21
10221,21
10222,21
10223,21
10224,21
10225,21
10226,21
10227,21
10228,21
10229,21
10230,21
10231,21
10232,21
10233,21
10234,21
10235,21
10236,21
10237,21
10238,21
10239,21
10240,21
10241,21
10242,21
10243,21
10244,21
10245,21
10246,21
10247,21
10248,21
10249,21
10250,21
10251,21
10252,21
10253,21
10254,21
10255,21
10256,21
10257,21
10258,21
10259,21
10260,21
10261,21
10262,21
10263,21
10264,21
10265,21
10266,21
10267,21
10268,21
10269,21
10270,21
10271,21
10272,21
10273,21
10274,21
10275,21
10276,21
10277,21
10278,21
10279,21
10280,21
10281,21
10282,21
10283,21
10284,21
10285,21
10286,21
10287,21
10288,21
10289,21
10290,21
10291,21
10292,21
10293,21
10294,21
10295,21
10296,21
10297,21
10298,21
10299,21
10300,21
10301,21
10302,21
10303,21
10304,21
10305,21
10306,21
10307,21
10308,21
10309,21
10310,21
10311,21
10312,21
10313,21
10314,21
10315,21
10316,21
10317,21
10318,21
10319,21
10320,21
10321,21
10322,21
10323,21
